{
  "testTime": "2026-07-06T10:54:46.175Z",
  "concurrencyScaling": [
    {
      "scenario": "Low Concurrency",
      "count": 10,
      "concurrency": 1,
      "successes": 10,
      "failures": 0,
      "latencies": [
        956,
        663,
        811,
        694,
        821,
        664,
        665,
        626,
        603,
        608
      ],
      "durationMs": 7111,
      "throughput": 1.406271972999578,
      "cpuPercent": 8.015750246097596,
      "memoryDeltaBytes": 12875112,
      "peakMemoryBytes": 36400240,
      "stats": {
        "mean": 711.1,
        "max": 956,
        "p95": 956,
        "p99": 956
      }
    },
    {
      "scenario": "Medium Concurrency",
      "count": 50,
      "concurrency": 10,
      "successes": 50,
      "failures": 0,
      "latencies": [
        498,
        714,
        768,
        780,
        806,
        808,
        825,
        826,
        831,
        840,
        489,
        671,
        596,
        629,
        676,
        705,
        747,
        767,
        761,
        755,
        685,
        509,
        678,
        747,
        626,
        737,
        711,
        752,
        742,
        820,
        785,
        656,
        566,
        691,
        720,
        686,
        714,
        728,
        720,
        726,
        702,
        413,
        711,
        563,
        497,
        676,
        631,
        591,
        754,
        738
      ],
      "durationMs": 3770,
      "throughput": 13.26259946949602,
      "cpuPercent": 24.137931034482758,
      "memoryDeltaBytes": 13501864,
      "peakMemoryBytes": 49919768,
      "stats": {
        "mean": 695.34,
        "max": 840,
        "p95": 826,
        "p99": 840
      }
    },
    {
      "scenario": "High Concurrency",
      "count": 100,
      "concurrency": 50,
      "successes": 100,
      "failures": 0,
      "latencies": [
        598,
        648,
        724,
        733,
        736,
        739,
        742,
        747,
        752,
        754,
        758,
        759,
        760,
        770,
        774,
        775,
        777,
        779,
        780,
        782,
        786,
        786,
        792,
        794,
        796,
        797,
        800,
        800,
        802,
        810,
        816,
        817,
        823,
        823,
        828,
        834,
        838,
        852,
        853,
        858,
        860,
        860,
        877,
        879,
        888,
        897,
        911,
        918,
        956,
        1001,
        490,
        718,
        496,
        555,
        690,
        779,
        554,
        710,
        677,
        714,
        733,
        704,
        688,
        703,
        601,
        671,
        708,
        612,
        689,
        670,
        713,
        727,
        651,
        671,
        766,
        785,
        771,
        671,
        777,
        650,
        755,
        743,
        776,
        724,
        761,
        660,
        787,
        578,
        799,
        760,
        736,
        851,
        783,
        808,
        834,
        859,
        854,
        831,
        795,
        793
      ],
      "durationMs": 1751,
      "throughput": 57.11022272986865,
      "cpuPercent": 80.5254140491148,
      "memoryDeltaBytes": 1754520,
      "peakMemoryBytes": 51690496,
      "stats": {
        "mean": 760.7,
        "max": 1001,
        "p95": 897,
        "p99": 1001
      }
    },
    {
      "scenario": "Extreme Stress Concurrency",
      "count": 200,
      "concurrency": 100,
      "successes": 200,
      "failures": 0,
      "latencies": [
        761,
        773,
        807,
        809,
        826,
        835,
        844,
        847,
        886,
        904,
        907,
        907,
        909,
        911,
        912,
        914,
        914,
        916,
        916,
        921,
        923,
        928,
        935,
        931,
        937,
        935,
        939,
        950,
        953,
        960,
        986,
        993,
        993,
        991,
        993,
        994,
        996,
        994,
        1007,
        1007,
        1011,
        1011,
        1023,
        1020,
        1031,
        1030,
        1040,
        1039,
        1045,
        1045,
        1049,
        1049,
        1048,
        1052,
        1053,
        1055,
        1067,
        1067,
        1068,
        1086,
        1089,
        1094,
        1095,
        1097,
        1105,
        1103,
        1105,
        1106,
        1111,
        1114,
        1113,
        1117,
        1115,
        1117,
        1123,
        1125,
        1128,
        1130,
        1137,
        1137,
        1136,
        1140,
        1143,
        1144,
        1155,
        1159,
        1163,
        1164,
        1168,
        1175,
        1173,
        1175,
        1195,
        1206,
        1211,
        1222,
        1226,
        1237,
        1254,
        1292,
        719,
        853,
        576,
        764,
        847,
        913,
        697,
        786,
        777,
        846,
        905,
        837,
        845,
        843,
        629,
        663,
        840,
        845,
        899,
        783,
        760,
        808,
        1033,
        783,
        758,
        822,
        816,
        805,
        774,
        888,
        685,
        773,
        1012,
        777,
        722,
        876,
        824,
        875,
        705,
        932,
        914,
        1015,
        737,
        829,
        943,
        866,
        800,
        941,
        733,
        1027,
        834,
        946,
        896,
        773,
        739,
        787,
        851,
        693,
        983,
        846,
        912,
        789,
        854,
        899,
        744,
        743,
        762,
        779,
        836,
        803,
        869,
        946,
        883,
        825,
        847,
        698,
        838,
        891,
        790,
        889,
        951,
        773,
        960,
        765,
        827,
        833,
        1058,
        918,
        731,
        798,
        893,
        904,
        886,
        927,
        1153,
        965,
        983,
        935,
        1079,
        1010
      ],
      "durationMs": 2207,
      "throughput": 90.62075215224287,
      "cpuPercent": 96.51110104213865,
      "memoryDeltaBytes": 50940760,
      "peakMemoryBytes": 102656216,
      "stats": {
        "mean": 940.23,
        "max": 1292,
        "p95": 1175,
        "p99": 1254
      }
    }
  ],
  "validation100": {
    "successRate": 100,
    "errorRate": 0,
    "throughput": 28.710881424059718,
    "stats": {
      "mean": 626.26,
      "max": 792,
      "p95": 773,
      "p99": 792
    },
    "cpuPercent": 29.285099052540914,
    "memoryDeltaMB": 18.220733642578125
  },
  "scale1000": {
    "successRate": 100,
    "errorRate": 0,
    "throughput": 97.18172983479107,
    "stats": {
      "mean": 504.962,
      "max": 1010,
      "p95": 745,
      "p99": 841
    },
    "cpuPercent": 81.4382896015549,
    "memoryBeforeMB": 116.1751480102539,
    "memoryAfterMB": 136.294921875,
    "memoryDeltaMB": 20.119773864746094
  },
  "maxSustainedConcurrency": 100,
  "totalTokensProcessed": 0,
  "metricsSummary": {
    "missions": {
      "total": 0,
      "completed": 0,
      "failed": 0,
      "averageDurationMs": 0
    },
    "tasks": {
      "total": 0,
      "averageDurationMs": 0
    },
    "llm": {
      "totalCalls": 0,
      "totalTokens": 0,
      "inputTokens": 0,
      "outputTokens": 0,
      "averageLatencyMs": 0
    },
    "errors": {
      "totalCount": 8760,
      "distribution": {
        "LLM_API_ERROR": 8760
      }
    }
  }
}